fy,revenue_$bn,gross_margin_agg,rd_pct_agg,sm_pct_agg,op_margin_agg,sbc_pct_agg,gross_margin_median,rd_pct_median,sm_pct_median,op_margin_median,sbc_pct_median,n
2015,155.493768,0.6728063950737324,0.1424514904031395,0.21147718711197025,0.21405871391578857,0.03688816647622817,0.7158564424909934,0.1799036640725044,0.36063131360169987,0.0147403861016102,0.0700361233662064,19.0
2016,158.299636,0.6725223264405611,0.14929048857699206,0.21528529598585897,0.2557996027230284,0.04205308469565906,0.712260161742164,0.1876864081806561,0.34189691974157843,-0.0324532477359269,0.0787508486082824,23.0
2017,171.028024,0.6790396886004348,0.15481469867183872,0.21881036535519358,0.2606075189174845,0.04951393813682838,0.7313551390844101,0.1972070844686648,0.4464573210401944,-0.0333135715712049,0.0917787142952705,27.0
2018,196.171213,0.680439631868793,0.15551749685107977,0.2213122849809854,0.2605258805225413,0.05649580196050478,0.73699285256543,0.2011444455897132,0.43833607493899734,-0.0546643989277648,0.0796698658830149,31.0
2019,223.426041,0.6872752649314561,0.15553115404305087,0.21849156848855553,0.26963853331671395,0.05882069941882916,0.724480929981724,0.21055144824757585,0.4285251964863615,-0.033556887153735254,0.11234984736128205,32.0
2020,254.101842,0.7051328372553246,0.15989788063008217,0.21492874105178664,0.28020015297645895,0.0653801832731303,0.7502656649941323,0.22597690516321717,0.4053330916735879,-0.03767023419876455,0.12696608474080406,32.0
2021,302.005924,0.7130943118185545,0.15338524617815114,0.20220868250253263,0.31081296272850595,0.06642856449398654,0.7405997523765555,0.2345537008099436,0.3533476200578679,0.0013948544617424005,0.12724369778909536,32.0
2022,358.38649,0.7087914100837477,0.1572494180793478,0.20024924209615155,0.28855139879854286,0.07358045499985226,0.7485931088802422,0.2397541139333343,0.35508077211352607,-0.000943497480006,0.13450985051230763,32.0
2023,400.80141,0.7157021809945193,0.1619420375791592,0.20023942780041618,0.2844181062137481,0.0833384518283007,0.756373107813685,0.2298362653060021,0.3417387040082108,0.0548928603486029,0.1629979042406045,32.0
2024,456.580145,0.7261496367878415,0.15530927872476802,0.18360248451014005,0.32052530229933673,0.07880452620207565,0.7675552412562443,0.2258825373843819,0.3337970122402827,0.11217533390991805,0.15249274102816104,32.0
2025,520.022052,0.7207753432283315,0.1511430576794078,0.17330536782697822,0.3423083431084957,0.07624674732063093,0.7703324384226098,0.2190430923839846,0.31607996916330094,0.1453625427780879,0.15003866646837394,32.0
