DATAFLOW,REF_AREA,FREQ,MEASURE,ACTIVITY,UNIT_MEASURE,PRICE_BASE,TRANSFORMATION,ASSET_CODE,CONVERSION_TYPE,TIME_PERIOD,OBS_VALUE,OBS_STATUS,UNIT_MULT,BASE_PER,DECIMALS
OECD.SDD.TPS:DSD_PDB@DF_PDB(2.0),GBR,A,GDPHRS,_T,XDC_H,LR,N,_Z,_Z,2013,44.941229088166594,A,0,2020,2
OECD.SDD.TPS:DSD_PDB@DF_PDB(2.0),CAN,A,GDPHRS,_T,XDC_H,LR,N,_Z,_Z,2017,69.77485282477761,A,0,2020,2
OECD.SDD.TPS:DSD_PDB@DF_PDB(2.0),EA20,A,GDPHRS,_T,XDC_H,LR,N,_Z,_Z,2019,48.54245612399286,A,0,2020,2
OECD.SDD.TPS:DSD_PDB@DF_PDB(2.0),FRA,A,GDPHRS,_T,XDC_H,LR,N,_Z,_Z,2019,58.0871769612896,A,0,2020,2
OECD.SDD.TPS:DSD_PDB@DF_PDB(2.0),DEU,A,GDPHRS,_T,XDC_H,LR,N,_Z,_Z,2025,58.86179901170926,A,0,2020,2
OECD.SDD.TPS:DSD_PDB@DF_PDB(2.0),FRA,A,GDPHRS,_T,XDC_H,LR,N,_Z,_Z,2018,57.8136902644309,A,0,2020,2
OECD.SDD.TPS:DSD_PDB@DF_PDB(2.0),CAN,A,GDPHRS,_T,XDC_H,LR,N,_Z,_Z,2025,72.07767525132377,A,0,2020,2
OECD.SDD.TPS:DSD_PDB@DF_PDB(2.0),CAN,A,GDPHRS,_T,XDC_H,LR,N,_Z,_Z,2024,71.37542919328763,A,0,2020,2
OECD.SDD.TPS:DSD_PDB@DF_PDB(2.0),FRA,A,GDPHRS,_T,XDC_H,LR,N,_Z,_Z,2022,56.51368632701345,A,0,2020,2
OECD.SDD.TPS:DSD_PDB@DF_PDB(2.0),FRA,A,GDPHRS,_T,XDC_H,LR,N,_Z,_Z,2021,57.397212701426554,A,0,2020,2
OECD.SDD.TPS:DSD_PDB@DF_PDB(2.0),FRA,A,GDPHRS,_T,XDC_H,LR,N,_Z,_Z,2020,58.18828051451689,A,0,2020,2
OECD.SDD.TPS:DSD_PDB@DF_PDB(2.0),CAN,A,GDPHRS,_T,XDC_H,LR,N,_Z,_Z,2023,71.37434156492698,A,0,2020,2
OECD.SDD.TPS:DSD_PDB@DF_PDB(2.0),CAN,A,GDPHRS,_T,XDC_H,LR,N,_Z,_Z,2021,72.553610370479,A,0,2020,2
OECD.SDD.TPS:DSD_PDB@DF_PDB(2.0),GBR,A,GDPHRS,_T,XDC_H,LR,N,_Z,_Z,2010,45.12592300765303,A,0,2020,2
OECD.SDD.TPS:DSD_PDB@DF_PDB(2.0),GBR,A,GDPHRS,_T,XDC_H,LR,N,_Z,_Z,2016,45.570907068100496,A,0,2020,2
OECD.SDD.TPS:DSD_PDB@DF_PDB(2.0),DEU,A,GDPHRS,_T,XDC_H,LR,N,_Z,_Z,2019,57.923613386952034,A,0,2020,2
OECD.SDD.TPS:DSD_PDB@DF_PDB(2.0),DEU,A,GDPHRS,_T,XDC_H,LR,N,_Z,_Z,2018,57.526692603160825,A,0,2020,2
OECD.SDD.TPS:DSD_PDB@DF_PDB(2.0),DEU,A,GDPHRS,_T,XDC_H,LR,N,_Z,_Z,2017,57.325006243910195,A,0,2020,2
OECD.SDD.TPS:DSD_PDB@DF_PDB(2.0),DEU,A,GDPHRS,_T,XDC_H,LR,N,_Z,_Z,2016,56.227189447200566,A,0,2020,2
OECD.SDD.TPS:DSD_PDB@DF_PDB(2.0),DEU,A,GDPHRS,_T,XDC_H,LR,N,_Z,_Z,2015,55.475977408750566,A,0,2020,2
OECD.SDD.TPS:DSD_PDB@DF_PDB(2.0),DEU,A,GDPHRS,_T,XDC_H,LR,N,_Z,_Z,2014,55.11705046040865,A,0,2020,2
OECD.SDD.TPS:DSD_PDB@DF_PDB(2.0),DEU,A,GDPHRS,_T,XDC_H,LR,N,_Z,_Z,2013,54.58876855297219,A,0,2020,2
OECD.SDD.TPS:DSD_PDB@DF_PDB(2.0),DEU,A,GDPHRS,_T,XDC_H,LR,N,_Z,_Z,2012,54.37768740692824,A,0,2020,2
OECD.SDD.TPS:DSD_PDB@DF_PDB(2.0),DEU,A,GDPHRS,_T,XDC_H,LR,N,_Z,_Z,2011,53.95821342438287,A,0,2020,2
OECD.SDD.TPS:DSD_PDB@DF_PDB(2.0),CAN,A,GDPHRS,_T,XDC_H,LR,N,_Z,_Z,2014,68.63337884746598,A,0,2020,2
OECD.SDD.TPS:DSD_PDB@DF_PDB(2.0),CAN,A,GDPHRS,_T,XDC_H,LR,N,_Z,_Z,2013,66.73478658789553,A,0,2020,2
OECD.SDD.TPS:DSD_PDB@DF_PDB(2.0),CAN,A,GDPHRS,_T,XDC_H,LR,N,_Z,_Z,2012,65.82777760384272,A,0,2020,2
OECD.SDD.TPS:DSD_PDB@DF_PDB(2.0),CAN,A,GDPHRS,_T,XDC_H,LR,N,_Z,_Z,2010,64.76723017642828,A,0,2020,2
OECD.SDD.TPS:DSD_PDB@DF_PDB(2.0),CAN,A,GDPHRS,_T,XDC_H,LR,N,_Z,_Z,2022,72.39575046865961,A,0,2020,2
OECD.SDD.TPS:DSD_PDB@DF_PDB(2.0),JPN,A,GDPHRS,_T,XDC_H,LR,N,_Z,_Z,2025,5341.623004450369,A,0,2020,2
OECD.SDD.TPS:DSD_PDB@DF_PDB(2.0),CAN,A,GDPHRS,_T,XDC_H,LR,N,_Z,_Z,2019,70.18726254064825,A,0,2020,2
OECD.SDD.TPS:DSD_PDB@DF_PDB(2.0),CAN,A,GDPHRS,_T,XDC_H,LR,N,_Z,_Z,2011,65.8875498522623,A,0,2020,2
OECD.SDD.TPS:DSD_PDB@DF_PDB(2.0),JPN,A,GDPHRS,_T,XDC_H,LR,N,_Z,_Z,2016,5004.848251604564,A,0,2020,2
OECD.SDD.TPS:DSD_PDB@DF_PDB(2.0),CAN,A,GDPHRS,_T,XDC_H,LR,N,_Z,_Z,2016,68.80339949730894,A,0,2020,2
OECD.SDD.TPS:DSD_PDB@DF_PDB(2.0),EA20,A,GDPHRS,_T,XDC_H,LR,N,_Z,_Z,2018,48.23544211302093,A,0,2020,2
OECD.SDD.TPS:DSD_PDB@DF_PDB(2.0),EA20,A,GDPHRS,_T,XDC_H,LR,N,_Z,_Z,2016,47.45317225592028,A,0,2020,2
OECD.SDD.TPS:DSD_PDB@DF_PDB(2.0),FRA,A,GDPHRS,_T,XDC_H,LR,N,_Z,_Z,2023,56.72687591106094,A,0,2020,2
OECD.SDD.TPS:DSD_PDB@DF_PDB(2.0),GBR,A,GDPHRS,_T,XDC_H,LR,N,_Z,_Z,2012,44.770873906036336,A,0,2020,2
OECD.SDD.TPS:DSD_PDB@DF_PDB(2.0),GBR,A,GDPHRS,_T,XDC_H,LR,N,_Z,_Z,2011,45.03867224438914,A,0,2020,2
OECD.SDD.TPS:DSD_PDB@DF_PDB(2.0),GBR,A,GDPHRS,_T,XDC_H,LR,N,_Z,_Z,2025,47.53676192761396,A,0,2020,2
OECD.SDD.TPS:DSD_PDB@DF_PDB(2.0),GBR,A,GDPHRS,_T,XDC_H,LR,N,_Z,_Z,2024,47.53503990336249,A,0,2020,2
OECD.SDD.TPS:DSD_PDB@DF_PDB(2.0),GBR,A,GDPHRS,_T,XDC_H,LR,N,_Z,_Z,2023,47.83114293216779,A,0,2020,2
OECD.SDD.TPS:DSD_PDB@DF_PDB(2.0),GBR,A,GDPHRS,_T,XDC_H,LR,N,_Z,_Z,2022,48.04011765566055,A,0,2020,2
OECD.SDD.TPS:DSD_PDB@DF_PDB(2.0),GBR,A,GDPHRS,_T,XDC_H,LR,N,_Z,_Z,2021,47.29308892273692,A,0,2020,2
OECD.SDD.TPS:DSD_PDB@DF_PDB(2.0),GBR,A,GDPHRS,_T,XDC_H,LR,N,_Z,_Z,2020,47.83532554637768,A,0,2020,2
OECD.SDD.TPS:DSD_PDB@DF_PDB(2.0),GBR,A,GDPHRS,_T,XDC_H,LR,N,_Z,_Z,2019,46.68327404801195,A,0,2020,2
OECD.SDD.TPS:DSD_PDB@DF_PDB(2.0),GBR,A,GDPHRS,_T,XDC_H,LR,N,_Z,_Z,2018,46.80656739562788,A,0,2020,2
OECD.SDD.TPS:DSD_PDB@DF_PDB(2.0),GBR,A,GDPHRS,_T,XDC_H,LR,N,_Z,_Z,2017,46.65693059365348,A,0,2020,2
OECD.SDD.TPS:DSD_PDB@DF_PDB(2.0),FRA,A,GDPHRS,_T,XDC_H,LR,N,_Z,_Z,2017,57.725089817370865,A,0,2020,2
OECD.SDD.TPS:DSD_PDB@DF_PDB(2.0),FRA,A,GDPHRS,_T,XDC_H,LR,N,_Z,_Z,2016,56.61756321071513,A,0,2020,2
OECD.SDD.TPS:DSD_PDB@DF_PDB(2.0),FRA,A,GDPHRS,_T,XDC_H,LR,N,_Z,_Z,2015,56.643916348570315,A,0,2020,2
OECD.SDD.TPS:DSD_PDB@DF_PDB(2.0),FRA,A,GDPHRS,_T,XDC_H,LR,N,_Z,_Z,2014,56.18455011633975,A,0,2020,2
OECD.SDD.TPS:DSD_PDB@DF_PDB(2.0),FRA,A,GDPHRS,_T,XDC_H,LR,N,_Z,_Z,2013,55.607119006954655,A,0,2020,2
OECD.SDD.TPS:DSD_PDB@DF_PDB(2.0),FRA,A,GDPHRS,_T,XDC_H,LR,N,_Z,_Z,2012,54.733273509558785,A,0,2020,2
OECD.SDD.TPS:DSD_PDB@DF_PDB(2.0),FRA,A,GDPHRS,_T,XDC_H,LR,N,_Z,_Z,2011,54.62050263854422,A,0,2020,2
OECD.SDD.TPS:DSD_PDB@DF_PDB(2.0),FRA,A,GDPHRS,_T,XDC_H,LR,N,_Z,_Z,2010,53.929021575392255,A,0,2020,2
OECD.SDD.TPS:DSD_PDB@DF_PDB(2.0),USA,A,GDPHRS,_T,XDC_H,LR,N,_Z,_Z,2025,85.60236428340167,A,0,2020,2
OECD.SDD.TPS:DSD_PDB@DF_PDB(2.0),USA,A,GDPHRS,_T,XDC_H,LR,N,_Z,_Z,2024,84.1147144673672,A,0,2020,2
OECD.SDD.TPS:DSD_PDB@DF_PDB(2.0),USA,A,GDPHRS,_T,XDC_H,LR,N,_Z,_Z,2023,82.26885599486027,A,0,2020,2
OECD.SDD.TPS:DSD_PDB@DF_PDB(2.0),USA,A,GDPHRS,_T,XDC_H,LR,N,_Z,_Z,2022,81.10142875669932,A,0,2020,2
OECD.SDD.TPS:DSD_PDB@DF_PDB(2.0),USA,A,GDPHRS,_T,XDC_H,LR,N,_Z,_Z,2021,81.52020497270419,A,0,2020,2
OECD.SDD.TPS:DSD_PDB@DF_PDB(2.0),USA,A,GDPHRS,_T,XDC_H,LR,N,_Z,_Z,2020,80.05585297032337,A,0,2020,2
OECD.SDD.TPS:DSD_PDB@DF_PDB(2.0),USA,A,GDPHRS,_T,XDC_H,LR,N,_Z,_Z,2019,76.57222195017918,A,0,2020,2
OECD.SDD.TPS:DSD_PDB@DF_PDB(2.0),USA,A,GDPHRS,_T,XDC_H,LR,N,_Z,_Z,2018,75.27728632091625,A,0,2020,2
OECD.SDD.TPS:DSD_PDB@DF_PDB(2.0),USA,A,GDPHRS,_T,XDC_H,LR,N,_Z,_Z,2017,74.46483796197043,A,0,2020,2
OECD.SDD.TPS:DSD_PDB@DF_PDB(2.0),USA,A,GDPHRS,_T,XDC_H,LR,N,_Z,_Z,2016,73.6846854784062,A,0,2020,2
OECD.SDD.TPS:DSD_PDB@DF_PDB(2.0),USA,A,GDPHRS,_T,XDC_H,LR,N,_Z,_Z,2015,73.19851169166591,A,0,2020,2
OECD.SDD.TPS:DSD_PDB@DF_PDB(2.0),USA,A,GDPHRS,_T,XDC_H,LR,N,_Z,_Z,2014,72.35346735812777,A,0,2020,2
OECD.SDD.TPS:DSD_PDB@DF_PDB(2.0),USA,A,GDPHRS,_T,XDC_H,LR,N,_Z,_Z,2013,71.79887931400513,A,0,2020,2
OECD.SDD.TPS:DSD_PDB@DF_PDB(2.0),USA,A,GDPHRS,_T,XDC_H,LR,N,_Z,_Z,2012,71.46617232541249,A,0,2020,2
OECD.SDD.TPS:DSD_PDB@DF_PDB(2.0),USA,A,GDPHRS,_T,XDC_H,LR,N,_Z,_Z,2011,71.11001979434774,A,0,2020,2
OECD.SDD.TPS:DSD_PDB@DF_PDB(2.0),USA,A,GDPHRS,_T,XDC_H,LR,N,_Z,_Z,2010,71.1906111351642,A,0,2020,2
OECD.SDD.TPS:DSD_PDB@DF_PDB(2.0),EA20,A,GDPHRS,_T,XDC_H,LR,N,_Z,_Z,2025,49.438120466097104,A,0,2020,2
OECD.SDD.TPS:DSD_PDB@DF_PDB(2.0),EA20,A,GDPHRS,_T,XDC_H,LR,N,_Z,_Z,2024,48.95273659956957,A,0,2020,2
OECD.SDD.TPS:DSD_PDB@DF_PDB(2.0),EA20,A,GDPHRS,_T,XDC_H,LR,N,_Z,_Z,2017,48.18206619668915,A,0,2020,2
OECD.SDD.TPS:DSD_PDB@DF_PDB(2.0),EA20,A,GDPHRS,_T,XDC_H,LR,N,_Z,_Z,2023,49.03534050983264,A,0,2020,2
OECD.SDD.TPS:DSD_PDB@DF_PDB(2.0),EA20,A,GDPHRS,_T,XDC_H,LR,N,_Z,_Z,2022,49.65278288567169,A,0,2020,2
OECD.SDD.TPS:DSD_PDB@DF_PDB(2.0),EA20,A,GDPHRS,_T,XDC_H,LR,N,_Z,_Z,2021,49.72548594254864,A,0,2020,2
OECD.SDD.TPS:DSD_PDB@DF_PDB(2.0),EA20,A,GDPHRS,_T,XDC_H,LR,N,_Z,_Z,2020,49.58955249323997,A,0,2020,2
OECD.SDD.TPS:DSD_PDB@DF_PDB(2.0),CAN,A,GDPHRS,_T,XDC_H,LR,N,_Z,_Z,2020,75.60275740212813,A,0,2020,2
OECD.SDD.TPS:DSD_PDB@DF_PDB(2.0),CAN,A,GDPHRS,_T,XDC_H,LR,N,_Z,_Z,2018,69.96578185360708,A,0,2020,2
OECD.SDD.TPS:DSD_PDB@DF_PDB(2.0),DEU,A,GDPHRS,_T,XDC_H,LR,N,_Z,_Z,2021,59.354989234505815,A,0,2020,2
OECD.SDD.TPS:DSD_PDB@DF_PDB(2.0),DEU,A,GDPHRS,_T,XDC_H,LR,N,_Z,_Z,2020,58.421578209146816,A,0,2020,2
OECD.SDD.TPS:DSD_PDB@DF_PDB(2.0),DEU,A,GDPHRS,_T,XDC_H,LR,N,_Z,_Z,2024,58.24931387944275,A,0,2020,2
OECD.SDD.TPS:DSD_PDB@DF_PDB(2.0),DEU,A,GDPHRS,_T,XDC_H,LR,N,_Z,_Z,2023,58.74347021756253,A,0,2020,2
OECD.SDD.TPS:DSD_PDB@DF_PDB(2.0),DEU,A,GDPHRS,_T,XDC_H,LR,N,_Z,_Z,2022,59.35664761170624,A,0,2020,2
OECD.SDD.TPS:DSD_PDB@DF_PDB(2.0),EA20,A,GDPHRS,_T,XDC_H,LR,N,_Z,_Z,2015,47.35560909304535,A,0,2020,2
OECD.SDD.TPS:DSD_PDB@DF_PDB(2.0),EA20,A,GDPHRS,_T,XDC_H,LR,N,_Z,_Z,2014,46.77834259322887,A,0,2020,2
OECD.SDD.TPS:DSD_PDB@DF_PDB(2.0),EA20,A,GDPHRS,_T,XDC_H,LR,N,_Z,_Z,2013,46.41521153549704,A,0,2020,2
OECD.SDD.TPS:DSD_PDB@DF_PDB(2.0),EA20,A,GDPHRS,_T,XDC_H,LR,N,_Z,_Z,2012,45.95570876377548,A,0,2020,2
OECD.SDD.TPS:DSD_PDB@DF_PDB(2.0),EA20,A,GDPHRS,_T,XDC_H,LR,N,_Z,_Z,2011,45.71140056661959,A,0,2020,2
OECD.SDD.TPS:DSD_PDB@DF_PDB(2.0),EA20,A,GDPHRS,_T,XDC_H,LR,N,_Z,_Z,2010,44.98305116676658,A,0,2020,2
OECD.SDD.TPS:DSD_PDB@DF_PDB(2.0),JPN,A,GDPHRS,_T,XDC_H,LR,N,_Z,_Z,2024,5213.780106255888,A,0,2020,2
OECD.SDD.TPS:DSD_PDB@DF_PDB(2.0),JPN,A,GDPHRS,_T,XDC_H,LR,N,_Z,_Z,2023,5280.0958906962605,A,0,2020,2
OECD.SDD.TPS:DSD_PDB@DF_PDB(2.0),JPN,A,GDPHRS,_T,XDC_H,LR,N,_Z,_Z,2022,5282.080877516532,A,0,2020,2
OECD.SDD.TPS:DSD_PDB@DF_PDB(2.0),JPN,A,GDPHRS,_T,XDC_H,LR,N,_Z,_Z,2021,5227.950396904839,A,0,2020,2
OECD.SDD.TPS:DSD_PDB@DF_PDB(2.0),JPN,A,GDPHRS,_T,XDC_H,LR,N,_Z,_Z,2020,5092.017846158808,A,0,2020,2
OECD.SDD.TPS:DSD_PDB@DF_PDB(2.0),JPN,A,GDPHRS,_T,XDC_H,LR,N,_Z,_Z,2019,5142.470280418858,A,0,2020,2
OECD.SDD.TPS:DSD_PDB@DF_PDB(2.0),JPN,A,GDPHRS,_T,XDC_H,LR,N,_Z,_Z,2018,5092.021272353985,A,0,2020,2
OECD.SDD.TPS:DSD_PDB@DF_PDB(2.0),JPN,A,GDPHRS,_T,XDC_H,LR,N,_Z,_Z,2017,5055.216031854726,A,0,2020,2
OECD.SDD.TPS:DSD_PDB@DF_PDB(2.0),DEU,A,GDPHRS,_T,XDC_H,LR,N,_Z,_Z,2010,52.666853632146704,A,0,2020,2
OECD.SDD.TPS:DSD_PDB@DF_PDB(2.0),JPN,A,GDPHRS,_T,XDC_H,LR,N,_Z,_Z,2015,4996.351457181981,A,0,2020,2
OECD.SDD.TPS:DSD_PDB@DF_PDB(2.0),JPN,A,GDPHRS,_T,XDC_H,LR,N,_Z,_Z,2014,4886.110480147397,A,0,2020,2
OECD.SDD.TPS:DSD_PDB@DF_PDB(2.0),JPN,A,GDPHRS,_T,XDC_H,LR,N,_Z,_Z,2013,4847.990892152136,A,0,2020,2
OECD.SDD.TPS:DSD_PDB@DF_PDB(2.0),JPN,A,GDPHRS,_T,XDC_H,LR,N,_Z,_Z,2012,4742.383444667642,A,0,2020,2
OECD.SDD.TPS:DSD_PDB@DF_PDB(2.0),JPN,A,GDPHRS,_T,XDC_H,LR,N,_Z,_Z,2011,4678.406728590106,A,0,2020,2
OECD.SDD.TPS:DSD_PDB@DF_PDB(2.0),JPN,A,GDPHRS,_T,XDC_H,LR,N,_Z,_Z,2010,4659.586687729525,A,0,2020,2
OECD.SDD.TPS:DSD_PDB@DF_PDB(2.0),CAN,A,GDPHRS,_T,XDC_H,LR,N,_Z,_Z,2015,68.42722666615802,A,0,2020,2
OECD.SDD.TPS:DSD_PDB@DF_PDB(2.0),FRA,A,GDPHRS,_T,XDC_H,LR,N,_Z,_Z,2025,57.594401608132806,A,0,2020,2
OECD.SDD.TPS:DSD_PDB@DF_PDB(2.0),FRA,A,GDPHRS,_T,XDC_H,LR,N,_Z,_Z,2024,56.7439069049836,A,0,2020,2
OECD.SDD.TPS:DSD_PDB@DF_PDB(2.0),GBR,A,GDPHRS,_T,XDC_H,LR,N,_Z,_Z,2015,45.722116690151395,A,0,2020,2
OECD.SDD.TPS:DSD_PDB@DF_PDB(2.0),GBR,A,GDPHRS,_T,XDC_H,LR,N,_Z,_Z,2014,45.03443329270538,A,0,2020,2
